Model,R2 Score,RMSE,MAE
Lasso Regression,0.9525879353893327,13.478061860355057,3.082985140191183
Ridge Regression,0.9525759169726782,13.479770019453706,3.1154705224978
Linear Regression,0.9525749233834394,13.479911227078883,3.1170486216061013
Gradient Boosting Regressor,0.9522862410874666,13.520875924230415,3.5638643472998837
Random Forest Regressor,0.9514821310218172,13.634332164178183,3.5091450281614356
